<?xml version="1.0" encoding="UTF-8" standalone="no"?><TaskList Version="2.0"><TaskCategory Handle="Uncategorized" Name="Uncategorized"/><Query ConnectorKind="github" Handle="handle-1" LastRefreshTimeStamp="Aug 20, 16:01:45" Name="Bug Ouverts" QueryString="" RepositoryUrl="http://github.com/javascool/javascool-framework"><Attribute Key="labels">bug::</Attribute><Attribute Key="state">open::</Attribute></Query><Query ConnectorKind="github" Handle="handle-2" LastRefreshTimeStamp="Aug 20, 16:01:46" Name="Ammélioration à faire" QueryString="" RepositoryUrl="http://github.com/javascool/javascool-framework"><Attribute Key="labels">enhancement::question::</Attribute><Attribute Key="state">open::</Attribute></Query></TaskList>